,,7 step models prediction,,,,1 step model prediction,,,,8 step models prediction,,,,,
,DyelotRefNo,Linear regression,Regression tree,Random forest,XGBoost,Linear regression,Regression tree,Random forest,XGBoost,Linear regression,Regression tree,Random forest,XGBoost,Total_Actual_Time,Sum of 7 stages time
1,625071,583.2101612,590.8081111,660.5799988,674.5179977,617.4192825,575.1960654,708.3742833,648.8342896,583.2101612,599.4906324,670.9585273,684.2839165,687,676
2,625037,0,0,0,2.108544946,115.2630195,69.66826829,96.42442197,101.1441574,0,87.87244898,87.80313938,114.4339463,9,0
3,625106,592.4953134,624.7474348,494.1505107,530.728155,617.4192825,587.4429544,463.9885222,531.242981,592.4953134,633.4299561,505.2207672,538.2268223,386,375
4,625112,224.2869774,204.6670377,193.800364,265.4410948,115.2630195,246.1526908,180.4416134,251.0009155,224.2869774,213.349559,199.0425798,262.8349368,173,168
5,624015,194.4990286,192.238978,158.2846615,131.4862815,115.2630195,229.0722126,174.8915481,156.32901,194.4990286,200.9214993,159.4917913,132.3609177,170,168
6,623950,0,0,0,1.393331677,115.2630195,69.66826829,96.42442197,80.75717926,0,87.87244898,79.98437944,95.63445106,13,0
7,623991,0,0,0,-0.143678114,115.2630195,69.66826829,96.42442197,52.99869156,0,49.53409091,52.69690285,25.23362215,8,0
8,624012,0,0,0,-1.477003872,115.2630195,69.66826829,96.42442197,109.1557541,0,147.2051836,123.0872322,144.514146,369,0
9,623995,795.8495442,772.0555986,674.4114388,741.7239037,805.9344598,805.46551,672.0011167,703.7821045,795.8495442,780.7381199,685.920333,744.9316604,679,669
10,623953,579.1498991,624.7474348,632.0690934,677.3252106,617.4192825,578.0414446,692.91065,637.901123,579.1498991,633.4299561,642.1405704,687.5214357,642,632
11,624019,0,0,0,0.771771325,115.2630195,69.66826829,96.42442197,122.1207428,0,108.3251445,95.22701174,97.77296914,65,0
12,623975,724.6694873,740.3130761,678.1411822,626.723772,805.9344598,734.534548,683.7518167,651.6273804,724.6694873,748.9955974,688.3376913,636.0546627,828,819
13,624007,503.6265917,579.5500593,534.10845,600.4457359,653.4617021,537.6738548,512.6814667,517.1754761,503.6265917,588.2325806,544.7148056,608.2289944,579,569
14,624098,194.7488575,158.2996542,140.4453907,160.5950097,115.2630195,229.2769628,127.9074166,195.4816437,194.7488575,166.9821756,146.4196672,159.4768909,195,195
15,628849,0,0,0,-1.387091577,115.2630195,69.66826829,96.42442197,35.45430756,0,49.53409091,45.94207822,22.09958369,5,0
16,624356,0,0,0,3.179125905,115.2630195,69.66826829,96.42442197,28.06107903,0,49.53409091,46.8730356,30.89028847,6,0
17,624108,533.4752388,546.7337379,519.3042532,515.691162,617.4192825,544.4232412,523.5229161,497.1398315,533.4752388,555.4162592,526.9727197,520.7979811,699,693
18,624089,0,0,0,5.336463884,115.2630195,69.66826829,96.42442197,44.76962662,0,49.53409091,55.45435771,52.58260341,94,0
19,624110,0,0,0,8.783905715,115.2630195,69.66826829,96.42442197,60.2077179,0,49.53409091,53.90211212,66.79441521,6,0
20,624113,673.1654935,593.1011213,722.1267005,680.123673,617.4192825,660.4956328,695.1094679,721.0914307,673.1654935,601.7836426,732.2219868,690.4305768,580,570
21,625197,0,0,0,0.850682899,115.2630195,69.66826829,96.42442197,86.37805176,0,87.87244898,80.07187164,92.14025657,144,0
22,632788,0,0,0,5.336463884,115.2630195,69.66826829,96.42442197,44.76962662,0,49.53409091,55.45435771,52.58260341,4,0
23,624216,169.2975838,192.238978,180.5764314,175.5137117,115.2630195,208.4180749,178.3296113,181.9208832,169.2975838,200.9214993,181.8044403,177.2755011,283,282
24,624197,0,0,0,1.236335792,115.2630195,69.66826829,96.42442197,83.8565979,0,87.87244898,78.95802884,103.4365387,146,0
25,624122,690.1828715,745.7146213,734.4337816,642.9848576,653.4617021,709.4585326,779.40405,757.7942505,690.1828715,754.3971426,744.7013281,665.372263,1356,1345
26,624171,735.5659334,740.4092851,688.2447654,723.2340813,805.9344598,750.8341263,706.0123,734.1072388,735.5659334,749.0918064,698.521971,732.1553802,745,736
27,624598,832.2273359,812.4628188,772.1586176,868.8956299,805.9344598,838.4566381,781.0044262,872.1560669,832.2273359,821.1453402,791.8512706,877.0122995,790,779
28,625801,0,0,0,1.878689498,115.2630195,69.66826829,96.42442197,78.29374695,0,87.87244898,72.8862052,79.83189079,141,0
29,624340,781.6470519,774.3486088,679.7853775,788.9011531,805.9344598,792.2705298,673.2804762,731.3438721,781.6470519,783.0311301,690.2476136,798.7025294,678,669
30,625931,0,0,0,-0.74120115,115.2630195,69.66826829,96.42442197,57.42812729,0,49.53409091,65.13916105,67.30286623,5,0
31,624707,471.0175137,466.6227154,471.0186282,484.1931114,445.1093951,523.4257931,499.7860455,385.8158875,471.0175137,475.3052367,492.377082,488.8076129,785,779
32,624422,0,0,0,2.643058296,115.2630195,69.66826829,96.42442197,132.1544647,0,147.2051836,132.807775,153.5866313,93,0
33,629303,0,0,0,1.364503945,115.2630195,69.66826829,96.42442197,54.25067902,0,49.53409091,53.45445732,48.9487935,8,0
34,624416,188.5883226,192.238978,189.2161352,189.4542778,115.2630195,224.2280246,181.3700143,197.2579193,188.5883226,200.9214993,190.2329817,190.522801,212,210
35,624405,146.2431011,158.2996542,153.9940453,148.5904416,115.2630195,189.5235051,174.2691529,162.1798706,146.2431011,166.9821756,176.2787482,158.6724576,147,138
36,624412,271.1281876,238.6063614,232.3180558,233.160466,115.2630195,283.1830253,216.1598573,252.403656,271.1281876,247.2888827,237.4853814,238.2484525,240,237
37,631212,0,0,0,0.605223399,115.2630195,69.66826829,96.42442197,52.83294678,0,49.53409091,55.48243614,49.24305604,8,0
38,624401,758.3332199,719.6169023,767.6080583,819.6279678,805.9344598,765.0424815,776.8979964,842.2902832,758.3332199,728.2994236,795.8028583,818.2413723,648,639
39,627324,0,0,0,3.179125905,115.2630195,69.66826829,96.42442197,28.06107903,0,49.53409091,46.8730356,30.89028847,5,0
40,631380,0,0,0,3.179125905,115.2630195,69.66826829,96.42442197,28.06107903,0,49.53409091,46.8730356,30.89028847,5,0
41,636578,0,0,0,3.179125905,115.2630195,69.66826829,96.42442197,28.06107903,0,49.53409091,46.8730356,30.89028847,4,0
42,624454,582.1257245,636.5187433,606.9409799,598.701013,653.4617021,597.7755643,627.0827333,554.2318726,582.1257245,645.2012646,616.9940305,606.7608398,760,750
43,624553,489.7456907,482.8401625,510.3024069,559.4371905,445.1093951,499.2198037,519.2805833,529.9838257,489.7456907,491.5226838,520.0407153,582.0680995,402,393
44,627284,0,0,0,0.83766548,115.2630195,69.66826829,96.42442197,79.75817871,0,87.87244898,76.54548275,86.83070747,14,0
45,624652,74.07618286,46.36738341,37.38756178,36.00219345,115.2630195,122.4823387,72.74344095,52.65851593,74.07618286,55.04990473,38.1772803,18.13173103,29,26
46,624681,167.2049512,192.238978,142.0769738,118.9960253,115.2630195,206.7030336,135.8446932,138.9894562,167.2049512,200.9214993,143.1701651,120.4396411,108,108
47,629389,0,0,0,2.444932699,115.2630195,69.66826829,96.42442197,61.252491,0,49.53409091,57.13751872,57.11286712,8,0
48,624909,0,0,0,-3.251619942,115.2630195,69.66826829,96.42442197,75.43151855,0,49.53409091,62.66986286,60.7066816,131,0
49,628912,0,0,0,0.895146875,115.2630195,69.66826829,96.42442197,60.45017242,0,49.53409091,56.19015542,53.97636941,12,0
50,631645,0,0,0,0.895146875,115.2630195,69.66826829,96.42442197,60.45017242,0,49.53409091,56.19015542,53.97636941,11,0
51,633643,0,0,0,0.895146875,115.2630195,69.66826829,96.42442197,60.45017242,0,49.53409091,56.19015542,53.97636941,11,0
52,624772,759.5831971,757.6738936,696.4582843,680.5705094,805.9344598,771.6414537,675.13025,769.9718018,759.5831971,766.3564149,712.9785189,691.7808747,779,768
53,624906,0,0,0,-3.443110224,115.2630195,69.66826829,96.42442197,63.98352814,0,49.53409091,64.94186644,59.57651639,116,0
54,624925,188.283165,192.238978,184.596161,189.885808,115.2630195,223.9779291,180.3918496,185.2761078,188.283165,200.9214993,185.5209886,190.8164206,129,129
55,631648,0,0,0,1.364503945,115.2630195,69.66826829,96.42442197,54.25067902,0,49.53409091,53.45445732,48.9487935,13,0
56,624976,0,0,0,-11.8115634,115.2630195,69.66826829,96.42442197,126.3622131,0,147.2051836,126.8640554,102.4796582,69,0
57,624995,0,0,0,-8.573447689,115.2630195,69.66826829,96.42442197,116.0241241,0,108.3251445,107.1252944,121.4410329,157,0
58,634889,0,0,0,1.326616799,115.2630195,69.66826829,96.42442197,65.30742645,0,49.53409091,57.52556933,50.46954969,11,0
59,625440,225.7773893,192.238978,232.1214498,246.4286847,115.2630195,254.7067574,205.3515135,242.8075104,225.7773893,200.9214993,233.1368549,245.7132245,136,135
60,625398,741.8507023,785.2025395,745.2466356,734.0808773,805.9344598,745.1530313,745.3987333,726.5643311,741.8507023,793.8850608,755.4735698,739.3260279,905,895
61,625504,146.4726362,158.2996542,155.1927989,161.295146,115.2630195,189.7116233,174.4937185,169.7992249,146.4726362,166.9821756,173.4269637,182.5892458,161,144
62,625502,0,0,0,5.88090258,115.2630195,69.66826829,96.42442197,124.7065125,0,108.3251445,103.7111292,104.1531117,30,0
63,625901,556.0437362,615.9568885,606.5054117,677.3450327,653.4617021,593.5448761,601.2528952,582.4857178,556.0437362,624.6394099,618.8403224,688.9038944,517,508
64,633872,0,0,0,-4.021220095,115.2630195,69.66826829,96.42442197,31.66364098,0,49.53409091,52.13248636,40.46887695,12,0
65,625610,767.3858569,789.4164161,750.9336412,773.3504601,805.9344598,783.4085964,748.0531667,759.4511719,767.3858569,798.0989374,761.4514892,791.4908123,791,782
66,625557,778.1514571,755.4770924,757.2836315,802.7629614,805.9344598,786.9079314,742.373181,791.5387573,778.1514571,764.1596137,767.3603165,811.9010286,871,861
67,625268,414.9194751,461.4192532,399.8793269,301.2652273,445.1093951,440.4263139,437.3447667,360.8993225,414.9194751,470.1017745,410.2228364,315.5049238,372,364
68,624544,0,0,0,-4.460642811,115.2630195,69.66826829,96.42442197,57.54020309,0,49.53409091,60.86096793,70.28265095,15,0
69,625697,589.80909,646.1683441,644.0064039,628.0572276,617.4192825,584.3813359,690.9457333,654.0136108,589.80909,654.8508654,654.3075686,632.8024006,597,588
70,625757,0,0,0,0.969792292,115.2630195,69.66826829,96.42442197,146.8037109,0,108.3251445,140.3160392,193.7272691,63,0
71,625786,0,0,0,-0.874229982,115.2630195,69.66826829,96.42442197,47.76212311,0,49.53409091,50.84337161,38.53961889,6,0
72,626152,0,0,0,1.562082432,115.2630195,69.66826829,96.42442197,87.53113556,0,87.87244898,76.39451952,87.09134879,12,0
73,625711,535.9929419,605.0067488,515.7540529,461.9660525,653.4617021,584.0632166,513.71505,534.0007324,535.9929419,613.6892701,526.7427282,471.2670941,540,531
74,626033,0,0,0,0.205448166,115.2630195,69.66826829,96.42442197,71.30947876,0,87.87244898,73.36022023,82.19814683,13,0
75,625310,610.2564378,646.1683441,669.7139344,617.5489116,617.4192825,596.3259842,711.6018833,689.2398071,610.2564378,654.8508654,680.4362909,627.0490689,726,717
76,625380,773.9960737,740.4092851,796.1399509,806.2766266,805.9344598,781.4777166,800.2271833,780.0791626,773.9960737,749.0918064,804.4951954,816.9926062,737,728
77,625623,742.8234757,666.8788396,690.1720417,808.4538727,617.4192825,736.1878977,742.2602,807.7488403,742.8234757,675.5613609,700.5468222,820.6694193,828,819
78,625812,779.9133084,755.4770924,746.9834203,742.3657169,805.9344598,789.988294,732.7376357,771.6099243,779.9133084,764.1596137,757.2718006,752.5128765,780,771
79,625751,703.6390618,745.7146213,806.5432033,738.6683044,653.4617021,732.2782633,831.4602833,750.0803223,703.6390618,754.3971426,816.8767045,750.5099239,919,909
80,625853,674.5476733,723.7345698,685.095959,724.8186989,805.9344598,692.8857598,684.44245,732.4169922,674.5476733,732.4170912,697.6492972,735.4620018,672,664
81,625886,556.0978511,538.2511037,509.7273922,468.048831,617.4192825,581.7411821,554.5955665,532.0864868,556.0978511,546.9336251,517.2507321,466.2155039,581,573
82,623886,718.3247888,699.6524671,636.2644656,771.2084465,653.4617021,738.3623158,654.29345,689.2405396,718.3247888,708.3349884,647.5330203,783.5878925,687,678
83,625956,0,0,0,-0.73059237,115.2630195,69.66826829,96.42442197,50.09252548,0,49.53409091,63.52726191,62.55692899,10,0
84,624270,574.1221775,596.1285655,522.3584285,589.2912264,653.4617021,593.2169908,526.8368,563.5266113,574.1221775,604.8110868,532.8225059,601.030529,440,430
85,625960,610.0808853,617.5494748,662.7705323,639.9544868,653.4617021,627.8379825,675.9573917,1150.532104,610.0808853,626.2319961,675.161152,648.2226706,659,650
86,625972,60.43863369,46.36738341,57.36033658,55.4979178,115.2630195,109.6736588,77.93396793,46.63519669,60.43863369,55.04990473,58.37229896,55.85467285,62,60
87,626040,0,0,0,-6.29852739,115.2630195,69.66826829,96.42442197,101.1362305,0,108.3251445,96.00001334,47.86769423,104,0
88,625961,649.8443908,703.3675562,658.123528,665.5369816,617.4192825,649.0083062,694.5676667,739.7159424,649.8443908,712.0500775,669.5249663,682.0738182,662,653
89,623915,883.6350465,919.3896346,868.0871939,910.9539299,805.9344598,883.7624795,844.5188167,906.1334839,883.6350465,928.0721559,880.4045566,920.3842382,1244,1233
90,626029,516.41808,527.8622215,531.8384351,501.384217,617.4192825,530.3610271,539.7525461,524.0800781,516.41808,536.5447428,540.0034202,503.7380846,456,450
91,626005,650.7085657,612.1471331,597.9795613,635.2701635,617.4192825,655.9114065,621.5993881,603.1027832,650.7085657,620.8296544,608.5519985,644.2638388,709,698
92,626086,0,0,0,-1.062856793,115.2630195,69.66826829,96.42442197,106.7732697,0,147.2051836,120.1328504,123.7879885,85,0
93,625973,0,0,0,-1.406485388,115.2630195,69.66826829,96.42442197,59.84857559,0,49.53409091,62.3564367,61.56533544,138,0
94,626148,0,0,0,6.246823074,115.2630195,69.66826829,96.42442197,64.54859924,0,49.53409091,65.71306788,90.66253352,12,0
95,626113,656.1447954,631.1005368,660.1762521,679.069832,617.4192825,641.7514126,721.3679333,691.4703369,656.1447954,639.7830582,670.4213215,690.7884284,800,790
96,627047,0,0,0,-3.273800969,115.2630195,69.66826829,96.42442197,101.5093536,0,108.3251445,109.9903341,83.97333038,54,0
97,626280,454.4137778,389.16936,425.8004727,461.226074,445.1093951,478.2462356,430.0981409,464.8833008,454.4137778,397.8518813,433.2440564,465.0310577,419,411
98,626249,657.3953898,674.567731,624.9844009,523.8849059,617.4192825,674.6788852,617.8454004,604.2376099,657.3953898,683.2502523,632.7922394,527.0527292,492,486
99,626272,0,0,0,-0.74120115,115.2630195,69.66826829,96.42442197,57.42812729,0,49.53409091,65.13916105,67.30286623,151,0
100,624081,712.6280378,780.8000683,668.7199774,696.4155159,653.4617021,730.949242,676.4493833,726.3861084,712.6280378,789.4825896,679.119229,703.8244987,784,774
101,626310,600.8437421,574.2296049,589.3417785,726.005599,617.4192825,599.2122393,577.5105965,680.5856323,600.8437421,582.9121262,599.1107872,734.0649376,744,735
102,626350,0,0,0,0.850682899,115.2630195,69.66826829,96.42442197,86.37805176,0,87.87244898,80.07187164,92.14025657,12,0
103,626326,563.9766636,590.8081111,515.2412739,465.6771586,617.4192825,553.1395261,491.2568833,525.7609863,563.9766636,599.4906324,526.4852879,475.1939623,721,710
104,626345,550.1270809,519.2001542,511.7942353,559.4310966,445.1093951,591.0916065,535.8369629,637.7609253,550.1270809,527.8826756,519.2388945,568.0631967,606,600
105,626482,524.5429669,561.8015452,514.7661234,500.584443,617.4192825,539.861359,511.4492866,510.5142822,524.5429669,570.4840665,522.2456772,507.955242,550,543
106,624303,648.6790629,559.1617976,621.0312167,642.5274886,617.4192825,634.2815488,639.7249611,646.2683716,648.6790629,567.8443189,631.6471215,648.303872,748,738
107,624341,635.9514305,593.1011213,654.8421717,712.3069208,617.4192825,628.7061256,671.0783262,685.0549927,635.9514305,601.7836426,665.4100551,723.4088047,757,748
108,626476,0,0,0,-4.739414209,115.2630195,69.66826829,96.42442197,53.52429199,0,49.53409091,59.34899145,51.08900834,3,0
109,624302,603.3873452,559.1617976,548.9830645,517.8366364,617.4192825,604.1252427,539.7471119,603.2453613,603.3873452,567.8443189,559.1607312,526.5524253,720,711
110,624550,786.8983385,756.9877913,729.6964373,832.075882,805.9344598,783.1127171,711.7359167,817.3340454,786.8983385,765.6703126,741.3213632,839.3799939,894,883
111,624570,881.7880156,835.3944271,907.7532306,1026.997227,805.9344598,866.2540575,901.0982389,945.4473877,881.7880156,844.0769484,918.0073806,1039.20728,882,871
112,626569,56.61732861,46.36738341,54.27180692,58.83533946,115.2630195,106.9298282,77.15966452,47.97407532,56.61732861,55.04990473,55.63571141,58.48894471,55,54
113,626650,210.7151936,204.6670377,204.3976263,206.9526478,115.2630195,232.4929203,192.4751734,216.2513428,210.7151936,213.349559,208.7266509,210.3754137,188,183
114,626644,204.2102236,204.6670377,204.085633,195.7869785,115.2630195,224.8603713,193.0438094,210.2783813,204.2102236,213.349559,207.7973768,199.0600925,201,198
115,626599,618.306199,627.2149404,584.9545284,564.1857772,617.4192825,630.3105659,567.5649214,592.0006104,618.306199,635.8974617,595.4743897,575.9555907,605,594
116,626692,186.5476194,192.238978,171.3581841,155.5209201,115.2630195,222.5555426,177.0255402,178.4742737,186.5476194,200.9214993,173.5768031,154.4569861,191,190
117,626702,617.4464872,646.1683441,664.0125102,738.124846,617.4192825,607.3106016,723.1209048,713.7868652,617.4464872,654.8508654,674.9809847,749.4317422,735,726
118,626778,0,0,0,-1.949925967,115.2630195,69.66826829,96.42442197,127.5002289,0,108.3251445,122.4741812,132.1715035,164,0
119,626864,578.062328,553.318911,578.6573554,569.5939779,617.4192825,604.9130377,595.5925814,597.2509766,578.062328,562.0014323,585.6509648,573.4426398,495,488
120,626889,0,0,0,1.532820322,115.2630195,69.66826829,96.42442197,144.688797,0,147.2051836,133.3731952,117.1437365,100,0
121,626925,0,0,0,9.703586847,115.2630195,69.66826829,96.42442197,169.2813721,0,147.2051836,150.4671001,176.2825816,84,0
122,627337,808.4022271,818.0911853,770.7307076,836.8438587,805.9344598,801.1958201,776.6889667,819.1863403,808.4022271,826.7737067,782.7679243,833.1342587,739,729
123,626881,799.3045953,794.3136493,758.0881149,780.2511067,805.9344598,801.9999248,776.0290357,797.1690063,799.3045953,802.9961706,768.5819466,789.774941,737,726
124,627034,0,0,0,-2.941379607,115.2630195,69.66826829,96.42442197,77.05586243,0,87.87244898,79.56246984,91.60392374,168,0
125,627007,0,0,0,20.84853101,115.2630195,69.66826829,96.42442197,104.6652145,0,147.2051836,136.1486562,147.8820546,294,0
126,627004,196.1779668,192.238978,175.2512342,181.5918552,115.2630195,230.448206,177.480912,199.6137848,196.1779668,200.9214993,176.0793193,237.4070331,134,134
127,627039,556.3193622,561.8015452,541.6242082,612.4063998,617.4192825,566.8846741,574.6235299,588.1947021,556.3193622,570.4840665,549.3274801,625.6141997,468,447
128,627035,0,0,0,0.850682899,115.2630195,69.66826829,96.42442197,86.37805176,0,87.87244898,80.07187164,92.14025657,132,0
129,627090,130.4973587,62.94588962,69.98111405,86.78093641,115.2630195,172.300024,78.88153244,76.98960876,130.4973587,71.62841094,71.43906501,101.9939033,60,60
130,627064,607.3833347,646.1683441,639.6298155,621.8709301,617.4192825,598.5204845,690.6289667,667.0974121,607.3833347,654.8508654,649.5869537,631.7550415,481,471
131,627105,623.1952039,549.2012435,557.6366614,529.1974387,617.4192825,645.4321002,553.318578,574.4985352,623.1952039,557.8837648,565.0293041,534.3032031,526,519
132,624894,429.9124497,502.0399591,435.5687632,470.3781109,445.1093951,463.2242483,462.5928833,414.116272,429.9124497,510.7224804,444.4923329,486.6713448,486,477
133,627109,668.9659364,636.7492714,650.488903,778.0087411,653.4617021,704.6901594,635.9463333,733.2328491,668.9659364,645.4317927,660.7093551,788.5434968,750,739
134,627113,788.5901983,755.4770924,793.9488198,796.7449799,805.9344598,799.4111026,794.5204333,796.7965088,788.5901983,764.1596137,804.9310873,806.3485689,742,733
135,625162,889.9223902,906.0712586,856.5071086,907.8584347,805.9344598,879.0147034,868.0482167,872.2094116,889.9223902,914.75378,866.2259479,918.5448732,768,759
136,627388,770.0158949,826.153924,714.1604266,793.7485454,805.9344598,792.1981591,722.736431,794.4187622,770.0158949,834.8364453,724.2316548,807.0007493,952,942
137,627466,0,0,0,-1.050252169,115.2630195,69.66826829,96.42442197,142.7170715,0,147.2051836,148.5880838,192.5108745,368,0
138,627680,501.9035225,467.2503259,484.7702643,475.0688477,445.1093951,531.9053019,582.0576333,514.6613159,501.9035225,475.9328472,495.8479159,490.5366764,618,607
139,627688,0,0,0,0.850682899,115.2630195,69.66826829,96.42442197,86.37805176,0,87.87244898,80.07187164,92.14025657,144,0
140,627152,687.8928231,664.08765,741.1829942,701.7304764,653.4617021,708.5575277,762.7974167,696.9547729,687.8928231,672.7701713,751.2307577,716.506732,846,837
141,627250,0,0,0,-1.241789121,115.2630195,69.66826829,96.42442197,147.2840118,0,147.2051836,138.8571308,154.7156541,342,0
142,627252,183.8816387,192.238978,162.4590325,127.0388519,115.2630195,220.370607,177.0999174,153.5212555,183.8816387,200.9214993,163.5085359,128.1699165,140,137
143,625323,635.2694375,624.5118472,638.1936209,606.7630973,617.4192825,662.8833883,639.4374385,580.199646,635.2694375,633.1943685,645.4869082,602.3387494,570,561
144,625054,587.0976727,624.5118472,515.7751394,652.3840769,617.4192825,607.6085083,534.3626664,622.02771,587.0976727,633.1943685,523.3879695,655.4121469,542,534
145,627948,521.0364745,527.8622215,498.4908445,512.8352424,617.4192825,537.0173659,504.4827804,529.0029297,521.0364745,536.5447428,506.1963274,519.82399,520,513
146,627285,521.3865532,527.8622215,507.6239497,493.3497133,617.4192825,541.4763542,516.0448112,494.0497437,521.3865532,536.5447428,514.8534737,500.1571383,475,467
147,627271,612.9861368,688.7023274,569.8063877,583.9827442,653.4617021,639.3325058,588.53295,593.6201172,612.9861368,697.3848487,579.8601397,595.1021214,551,541
148,627334,796.9579012,804.4266476,802.629329,813.7280426,805.9344598,803.0798007,813.8287657,802.4517822,796.9579012,813.109169,812.2692692,824.0608368,713,702
149,625322,602.8402665,616.3610097,583.4888936,603.0094929,617.4192825,613.1071,604.6759571,638.7849731,602.8402665,625.043531,582.5882667,580.0888062,703,693
150,628044,615.0492557,612.2290204,640.0619205,717.1062312,617.4192825,604.340197,660.8307,670.5876465,615.0492557,620.9115417,649.8751645,725.7558188,586,576
151,628105,0,0,0,-1.406485388,115.2630195,69.66826829,96.42442197,59.84857559,0,49.53409091,62.3564367,61.56533544,139,0
152,627988,535.8951514,596.1285655,509.547675,514.8699455,653.4617021,565.5937111,492.9174071,523.0087891,535.8951514,604.8110868,519.7851929,526.7895775,422,412
153,628021,507.3757081,527.8622215,484.9648079,513.4666963,617.4192825,527.4233741,472.8424994,541.5280151,507.3757081,536.5447428,491.3841832,516.6628757,441,435
154,625455,644.3763309,447.0388622,536.1834203,529.4866782,617.4192825,668.2892001,560.5193889,589.751709,644.3763309,455.7213835,543.5074814,533.2006699,587,579
155,627760,561.2945863,590.8081111,536.0872116,537.8283918,617.4192825,565.8800737,501.5884373,548.8945313,561.2945863,599.4906324,546.491289,550.9958532,484,472
156,625806,689.0658646,699.6524671,648.9655824,709.7635632,653.4617021,719.1435423,672.1589667,728.0408936,689.0658646,708.3349884,659.2108711,718.5448685,768,758
157,627821,721.8413259,708.6667626,668.1345032,637.0825348,805.9344598,733.6710839,675.6539333,670.6598511,721.8413259,717.3492839,678.3811928,645.6213665,643,633
158,627475,0,0,0,0.850682899,115.2630195,69.66826829,96.42442197,86.37805176,0,87.87244898,80.07187164,92.14025657,207,0
159,626509,0,0,0,-8.647998184,115.2630195,69.66826829,96.42442197,55.65250397,0,108.3251445,91.96194394,24.11211839,107,0
160,626510,591.5122667,615.097834,601.8969806,643.5049152,653.4617021,605.2826364,622.9348333,571.1010132,591.5122667,623.7803553,612.331025,654.6673946,603,592
161,627400,572.9702475,624.7474348,572.9831428,550.9272312,617.4192825,569.9381122,547.6938806,574.604248,572.9702475,633.4299561,583.1155603,558.0728577,416,405
162,625553,784.9066443,862.9806488,751.0701089,1026.684963,805.9344598,784.0297611,754.7539833,824.7402954,784.9066443,871.6631701,761.6776653,1035.513527,643,633
163,627452,751.041062,816.9450621,718.9531268,757.1054916,805.9344598,762.1959959,702.8270571,681.5513916,751.041062,825.6275834,729.6419637,767.5650635,624,615
164,627709,0,0,0,0.921337261,115.2630195,69.66826829,96.42442197,56.0933075,0,49.53409091,54.86453035,52.62591566,5,0
165,626508,0,0,0,0.595988639,115.2630195,69.66826829,96.42442197,128.1985931,0,108.3251445,117.1782835,84.31995714,123,0
166,627176,0,0,0,-6.455000173,115.2630195,69.66826829,96.42442197,59.92104721,0,49.53409091,63.88986636,60.07122969,99,0
167,627167,448.9859401,445.2836934,391.2953552,437.9585622,445.1093951,481.5097826,397.4669972,393.2415466,448.9859401,453.9662147,398.7914683,448.1773074,436,429
168,626617,0,0,0,-2.487756349,115.2630195,69.66826829,96.42442197,132.6507874,0,147.2051836,127.3923366,102.0586533,103,0
169,628038,819.5088433,827.4158316,808.7827324,861.9204359,805.9344598,819.5335037,809.6906048,914.5926514,819.5088433,836.098353,818.5643066,871.8884583,820,810
170,626082,840.9385714,847.9128415,800.1702402,621.5410767,805.9344598,843.8463902,806.13115,755.9966431,840.9385714,856.5953628,815.5783545,650.0696411,647,634
171,628053,808.0902011,812.3480243,727.9271729,796.3377457,805.9344598,804.6959267,731.6470833,809.2125854,808.0902011,821.0305457,738.5379418,806.2536612,928,918
172,626145,0,0,0,13.92213023,115.2630195,69.66826829,96.42442197,94.38464355,0,108.3251445,92.72056143,109.640514,96,0
173,628168,607.683691,538.2511037,556.8797157,608.5656662,617.4192825,632.4933073,609.3537415,566.2259521,607.683691,546.9336251,564.6105213,615.2596579,438,432
174,628170,624.2450715,642.6667407,634.7868842,560.2136765,653.4617021,657.4449231,638.8454,625.6021118,624.2450715,651.349262,645.1795077,571.4432878,551,540
175,626589,174.19371,192.238978,211.2568062,248.9189982,115.2630195,212.4307522,184.1613137,222.5658112,174.19371,200.9214993,213.8637356,245.7363659,146,144
176,629288,178.1123996,192.238978,219.8206203,213.5815374,115.2630195,215.6423599,192.0759317,211.2841492,178.1123996,200.9214993,221.076076,214.5617056,204,204
177,629256,503.795484,561.8015452,514.3226319,594.7158087,617.4192825,522.0689094,552.8325831,583.387146,503.795484,570.4840665,521.7521465,598.8281277,543,537
178,629227,772.2713361,772.0555986,730.6458928,771.1017342,805.9344598,776.3920541,740.593456,804.2944336,772.2713361,780.7381199,740.9442322,792.8995876,759,750
179,629309,786.6295845,774.2523998,754.4321809,822.4583845,805.9344598,785.5749909,744.1337667,795.793335,786.6295845,782.9349211,777.6763992,842.0013895,696,687
180,629342,211.9038613,204.6670377,192.141155,189.7684367,115.2630195,234.6396077,189.9574521,207.4876404,211.9038613,213.349559,196.3031887,193.8127268,195,192
181,626471,824.343767,803.023378,785.5104086,799.2310257,805.9344598,824.6105683,800.86495,823.5735474,824.343767,811.7058994,797.0028801,806.8718266,741,732
182,626359,871.6025084,873.7002096,773.2689688,838.7730598,805.9344598,865.1764212,783.9455333,812.3413086,871.6025084,882.3827309,784.0926456,848.1664953,809,799
183,629332,611.3582173,605.0067488,605.9700726,643.3640699,653.4617021,644.1388671,588.9633833,670.3886719,611.3582173,613.6892701,615.7814281,656.2307854,679,669
184,628210,93.68240638,62.94588962,139.7764103,118.0266048,115.2630195,132.6387919,121.7429997,88.23188782,93.68240638,71.62841094,142.5926171,118.5913376,55,54
185,626955,769.2606598,699.3633643,606.8419336,581.3824978,653.4617021,810.0438848,593.3507333,659.0973511,769.2606598,708.0458856,617.1843502,597.9794407,584,573
186,626671,646.978879,559.1617976,658.4442061,706.0254362,617.4192825,635.5927488,689.474,675.6602783,646.978879,567.8443189,669.129484,713.9229057,511,502
187,628271,0,0,0,6.101706207,115.2630195,69.66826829,96.42442197,154.7296906,0,147.2051836,121.6558777,191.5187594,215,0
188,628258,616.6689685,642.6667407,570.8358364,604.8413334,653.4617021,649.3734683,550.2485,616.1863403,616.6689685,651.349262,581.1324598,615.8870468,576,567
189,628307,578.7869179,559.1617976,570.9428048,558.7073417,617.4192825,570.9375179,580.5249391,570.0184326,578.7869179,567.8443189,581.0652922,568.8402438,528,519
190,629505,63.71204479,46.36738341,66.65964578,66.94807321,115.2630195,108.8032992,78.46844165,80.93597412,63.71204479,55.04990473,68.78274655,69.82040721,70,69
191,629552,0,0,0,2.6953374,115.2630195,69.66826829,96.42442197,104.5882111,0,147.2051836,112.6796357,97.92091571,90,0
192,626951,891.1907589,835.3944271,911.4077688,928.979084,805.9344598,880.6773388,908.6577972,939.041748,891.1907589,844.0769484,921.9210908,939.6917219,826,816
193,629479,0,0,0,-3.251619942,115.2630195,69.66826829,96.42442197,75.43151855,0,49.53409091,62.66986286,60.7066816,17,0
194,629575,75.64043483,62.94588962,70.00544973,95.29374191,115.2630195,114.5208513,78.99498588,91.88741302,75.64043483,71.62841094,71.21595314,97.50308701,62,60
195,626910,614.4183039,593.1011213,601.5876536,624.7130542,617.4192825,602.7425531,634.6402278,659.4814453,614.4183039,601.7836426,612.1164448,634.4626021,747,737
196,628589,94.87260229,62.94588962,93.86899838,111.0529345,115.2630195,132.8306073,87.69809245,105.1967926,94.87260229,71.62841094,95.23016155,95.30106717,55,55
197,629603,805.4989428,751.3594248,773.3780832,967.4819336,805.9344598,818.3851518,767.7498528,1062.773071,805.4989428,760.0419462,787.738206,977.9710712,658,649
198,629572,533.5675275,508.296852,487.0988472,498.9599805,445.1093951,548.4260777,533.13635,564.9866943,533.5675275,516.9793733,501.4754295,504.1055903,589,580
199,626868,816.0335272,790.927115,755.5133514,855.3571777,805.9344598,814.6390888,771.5251167,834.7391968,816.0335272,799.6096364,765.0627139,866.4148483,754,744
200,629553,461.8962064,579.5500593,587.4329823,640.6417289,653.4617021,496.6809345,605.4821,719.7815552,461.8962064,588.2325806,598.4602989,640.2897668,584,573
201,628437,756.6996141,734.6847096,712.0724978,742.887619,805.9344598,763.776644,696.4727,770.5671387,756.6996141,743.3672309,722.2669907,753.0975599,733,724
202,628435,679.1831983,671.6250337,760.0745875,788.2258857,617.4192825,680.015275,850.6832,760.8919067,679.1831983,680.307555,770.1947087,799.5882524,637,628
203,628536,792.5323797,772.0555986,771.0128981,827.4395409,805.9344598,794.9552959,771.1049167,803.947876,792.5323797,780.7381199,780.9293871,837.6277027,922,913
204,628569,779.330934,751.3594248,724.3013678,705.9449348,805.9344598,786.3375622,707.8353302,803.5081787,779.330934,760.0419462,733.9539191,720.9410963,708,699
205,627293,965.7317266,942.3788186,917.3178386,1017.610153,805.9344598,966.7433098,896.4477667,991.2607422,965.7317266,951.0613399,927.7719052,1031.311049,869,858
206,628851,461.1302977,461.4192532,379.643775,350.7671818,445.1093951,473.5044907,375.7288667,353.1464233,461.1302977,470.1017745,390.7035023,356.0569581,313,303
207,628596,811.4752375,832.4108169,760.1892546,812.8601303,805.9344598,808.7175351,756.551219,796.3822632,811.4752375,841.0933382,772.5853911,821.4798412,602,592
208,628697,585.1180737,610.9242181,574.4747942,601.588213,653.4617021,615.1948839,555.0773,581.7346191,585.1180737,619.6067394,585.117619,607.6263819,471,462
209,628606,463.7790503,486.8759427,438.3876755,430.32514,445.1093951,491.9134896,436.16365,497.276123,463.7790503,495.558464,448.9512215,441.4094267,499,489
210,628108,0,0,0,4.852473885,115.2630195,69.66826829,96.42442197,118.844986,0,108.3251445,114.4220428,130.449886,73,0
211,628625,754.272938,826.153924,713.1052551,647.8993931,805.9344598,770.2901987,717.8526381,686.2617188,754.272938,834.8364453,723.0512753,658.3734322,819,810
212,628663,831.4890247,783.0057383,779.6972625,924.2952957,805.9344598,833.8298814,780.3310988,878.519043,831.4890247,791.6882597,790.2313348,932.386816,784,774
213,627599,877.1071851,835.3944271,869.6575046,1043.496254,805.9344598,871.3860831,836.430825,1080.707031,877.1071851,844.0769484,907.0154868,1160.614349,807,798
214,627883,758.9423113,818.0911853,733.7216782,833.4451962,805.9344598,762.1313103,748.2654968,829.262146,758.9423113,826.7737067,744.3201624,833.5625136,676,666
215,628726,645.8366959,653.6168804,576.6306082,586.3991566,653.4617021,675.5336653,543.1337667,639.8163452,645.8366959,662.2994017,587.2117448,615.80443,489,480
216,628777,0,0,0,2.543952409,115.2630195,69.66826829,96.42442197,74.53901672,0,49.53409091,61.43783553,62.35141319,7,0
217,628751,605.301204,559.1617976,613.4360129,604.0631335,617.4192825,592.1197685,627.6534101,597.8001099,605.301204,567.8443189,624.3787433,615.4551413,613,604
218,628685,441.3912213,497.8260824,448.0361882,448.6362438,445.1093951,478.1353052,446.6021333,458.8508301,441.3912213,506.5086038,459.0641442,461.1117706,538,528
219,627686,835.1782381,860.0356719,803.8349706,915.6300335,805.9344598,820.5761041,806.9205595,875.9290771,835.1782381,868.7181932,813.2425525,942.090662,731,719
220,628709,651.5088676,646.1683441,692.4406006,663.3640973,617.4192825,644.9009885,759.7237571,765.3256226,651.5088676,654.8508654,704.8263002,670.9231969,556,544
221,627522,650.2702287,559.1617976,594.870054,664.1021287,617.4192825,649.3627014,635.6084768,692.0879517,650.2702287,567.8443189,605.9741755,673.8544414,599,588
222,628829,119.2306645,84.36679892,100.264989,93.42826807,115.2630195,152.3680573,88.9088323,97.68672943,119.2306645,93.04932025,102.291149,74.32186472,53,51
223,628815,183.9285326,192.238978,178.1470808,168.5900196,115.2630195,220.4090395,178.0299985,179.3122559,183.9285326,200.9214993,179.1959468,169.4633038,121,120
224,628802,667.924182,674.567731,623.3063907,589.0340313,617.4192825,685.4049195,630.9008649,657.4669189,667.924182,683.2502523,630.9279419,593.7295526,667,660
225,628821,199.8365315,192.238978,280.8112639,379.8315452,115.2630195,233.4466252,240.1473295,245.0883179,199.8365315,200.9214993,283.1460194,377.8577405,152,150
226,628890,230.2890928,204.6670377,207.9322601,227.7417651,115.2630195,249.9765157,199.2439699,216.5817261,230.2890928,213.349559,211.9589722,231.1125756,235,231
227,628791,817.8069341,772.0555986,810.4038358,794.3224831,805.9344598,827.261781,807.7792262,816.1062012,817.8069341,780.7381199,822.1267823,807.1670523,824,813
228,628163,620.2480653,596.1285655,593.3526475,619.0001652,653.4617021,637.6085194,589.8831667,641.9382324,620.2480653,604.8110868,604.0260392,623.5863574,546,537
229,628077,658.5499434,653.6168804,606.252453,727.2262802,653.4617021,678.6248387,587.1821333,607.9841919,658.5499434,662.2994017,613.2178261,734.5491781,524,515
230,628953,62.58002079,46.36738341,59.95801356,61.25651637,115.2630195,108.9097498,82.98768298,65.14550781,62.58002079,55.04990473,61.0473809,61.22286778,62,60
231,628027,591.7334993,615.097834,617.142879,689.2580869,653.4617021,605.1849069,646.0119,575.8010254,591.7334993,623.7803553,627.6172956,698.9021566,735,726
232,628959,791.3064264,774.3486088,745.0204175,710.1334743,805.9344598,805.3429784,748.673575,741.3099365,791.3064264,783.0311301,756.3383985,724.0613337,881,870
233,628983,426.4108862,461.4192532,372.1394839,386.8756637,445.1093951,445.1844871,364.9657333,418.515564,426.4108862,470.1017745,382.4619848,394.4086089,336,327
234,627940,650.7945844,593.1011213,740.2402369,778.698084,617.4192825,633.9385139,753.431,749.9667969,650.7945844,601.7836426,750.1680083,838.433344,984,975
235,627858,878.2669062,906.0712586,880.365551,849.984314,805.9344598,864.2502655,909.45805,937.4638672,878.2669062,914.75378,890.4998653,857.9720378,1271,1106
236,629183,792.1285061,805.9949223,759.9725275,729.0983223,805.9344598,794.5125931,778.56355,737.989624,792.1285061,814.6774436,769.9917832,737.8444418,845,837
237,629167,0,0,0,-13.4227708,115.2630195,69.66826829,96.42442197,88.56075287,0,108.3251445,91.37109956,62.1250121,68,0
238,629116,490.2530663,441.7936363,415.6923841,409.1022109,445.1093951,509.1250518,433.0010333,474.7337036,490.2530663,450.4761577,426.50717,420.1638889,438,429
239,629181,0,0,0,2.286140934,115.2630195,69.66826829,96.42442197,123.1179504,0,108.3251445,94.72430782,82.07530262,117,0
240,629306,0,0,0,1.913806777,115.2630195,69.66826829,96.42442197,52.66847992,0,87.87244898,65.32558705,70.75542818,154,0
241,629283,76.4076607,62.94588962,94.39708573,82.6727511,115.2630195,115.6797098,88.21752121,57.43266678,76.4076607,71.62841094,96.42262713,106.7473513,49,48
242,629252,817.2235881,804.4266476,794.1874394,794.2382069,805.9344598,816.3877383,786.7324,845.7975464,817.2235881,813.109169,804.9576409,802.4971895,685,673
243,629883,0,0,0,3.128295362,115.2630195,69.66826829,96.42442197,99.65060425,0,108.3251445,99.69129728,77.10606331,182,0
244,629913,511.0402981,497.8260824,472.2398371,493.2724981,445.1093951,540.628339,501.1846333,519.6864014,511.0402981,506.5086038,482.7887042,499.8491297,411,402
245,628333,564.6705183,590.5725235,494.6334467,470.972454,617.4192825,596.418319,490.2317195,532.3848877,564.6705183,599.2550448,502.2455173,474.3279516,623,617
246,629820,529.314284,579.5500593,522.4820447,581.285797,653.4617021,560.0473735,500.47135,540.8583374,529.314284,588.2325806,533.0279419,604.6377028,503,492
247,628126,595.3911947,688.7023274,608.9535695,523.8571286,653.4617021,624.0837107,629.3753,513.5592651,595.3911947,697.3848487,618.861293,530.3475823,675,666
248,629838,630.1667126,661.1542641,612.6407424,646.3331292,617.4192825,636.4976821,629.9856524,681.7092285,630.1667126,669.8367854,624.1046101,658.8821738,669,658
249,628226,0,0,0,-8.728364065,115.2630195,69.66826829,96.42442197,120.8097076,0,108.3251445,112.4333461,119.6550435,120,0
250,630421,0,0,0,-1.962093353,115.2630195,69.66826829,96.42442197,56.44861221,0,49.53409091,57.82936951,54.39055634,105,0
251,630475,188.283165,192.238978,184.596161,189.885808,115.2630195,223.9779291,180.3918496,185.2761078,188.283165,200.9214993,185.5209886,190.8164206,174,174
252,629452,663.3736634,759.379159,665.6576477,648.1814957,653.4617021,681.3738066,689.3016833,596.9598999,663.3736634,768.0616803,675.9920854,657.7037849,803,693
253,630529,150.5118472,209.9968355,107.0010664,170.8834509,115.2630195,234.8881663,147.411444,133.9575195,150.5118472,218.6793568,114.1039015,165.0192298,90,90
254,630381,809.9460164,830.1162636,757.9564803,731.5373468,805.9344598,813.2413452,759.4673298,805.6309204,809.9460164,838.798785,768.2551629,741.2716885,639,630
255,630465,643.5354319,653.6168804,608.53107,652.5159874,653.4617021,672.1068513,584.92745,667.0745239,643.5354319,662.2994017,619.0764863,670.7551422,820,811
256,629928,786.4157122,772.0555986,789.1692743,761.261591,805.9344598,786.4606741,788.2209405,789.2801514,786.4157122,780.7381199,799.4061832,773.3209553,772,762
257,629862,807.7356641,843.3609566,788.0589822,769.2673092,805.9344598,807.9665203,799.2669405,831.4591064,807.7356641,852.043478,798.331186,779.5929203,854,843
258,629617,95.25199122,84.36679892,94.0854336,81.81075986,115.2630195,133.6403031,88.9608864,81.58400726,95.25199122,93.04932025,96.14315157,80.32548399,211,60
259,629692,733.2048593,703.3675562,643.4412576,856.7311928,617.4192825,728.0916973,667.3427397,728.5859375,733.2048593,712.0500775,655.1049312,874.4667714,772,762
260,628847,0,0,0,-2.657220334,115.2630195,69.66826829,96.42442197,150.7909241,0,108.3251445,146.012449,124.6281267,492,0
261,630579,58.68131254,46.36738341,58.55065258,46.72778288,115.2630195,106.4916625,77.1927949,61.9232254,58.68131254,55.04990473,60.0560419,47.41721615,48,48
262,630181,814.745268,847.3808721,777.7634671,820.3977509,805.9344598,821.4381113,790.4442786,836.124939,814.745268,856.0633934,788.1130707,828.308641,915,906
263,629684,894.6696518,858.383611,904.5029446,975.9818573,805.9344598,887.6987977,901.8839262,1128.621582,894.6696518,867.0661324,936.7602244,990.5819311,1107,1096
264,630005,0,0,0,7.801172987,115.2630195,69.66826829,96.42442197,117.8072128,0,147.2051836,121.2900782,80.57969929,53,0
265,630081,812.6148252,841.0664034,819.1506535,778.7944145,805.9344598,818.2193609,827.9096714,813.635437,812.6148252,849.7489247,828.9556107,789.2297926,771,762
266,630130,63.6568084,84.36679892,57.65956932,88.86565283,115.2630195,105.5578635,77.56059661,89.56900024,63.6568084,93.04932025,60.18977152,81.7521694,46,45
267,629674,628.0337686,640.5545236,675.6077666,651.5144277,653.4617021,652.3015563,720.5478262,632.7650757,628.0337686,649.2370449,685.5234352,659.7807536,645,634
268,629706,676.6217924,653.9563041,614.0969874,648.3842983,653.4617021,699.2305245,588.09855,674.2304688,676.6217924,662.6388254,624.5492612,655.5702038,793,783
269,629716,551.1295565,579.5500593,513.0530575,596.9408793,653.4617021,582.3826728,506.4622833,551.6471558,551.1295565,588.2325806,524.6217893,606.3246102,731,720
270,629745,745.8356999,772.0555986,707.2710564,730.7827148,805.9344598,754.6521552,713.1620833,744.9807129,745.8356999,780.7381199,717.7593194,740.7754726,598,585
271,629825,0,0,0,11.95020278,115.2630195,69.66826829,96.42442197,120.1113815,0,108.3251445,116.3299303,71.50231536,53,0
272,629751,800.3356554,725.2452688,719.8258825,734.3808117,805.9344598,797.3359238,720.7640333,807.2235718,800.3356554,733.9277901,730.6639915,738.1127009,859,849
273,629803,0,0,0,-1.406485388,115.2630195,69.66826829,96.42442197,59.84857559,0,49.53409091,62.3564367,61.56533544,120,0
274,629768,557.3901654,590.8081111,598.5758817,568.7993305,617.4192825,555.5242677,636.6277474,617.3644409,557.3901654,599.4906324,608.8580917,576.290097,501,492
275,630176,63.2078297,46.36738341,62.47662143,51.57532494,115.2630195,109.6530491,84.90030152,63.10576248,63.2078297,55.04990473,66.05659913,51.87402935,63,63
276,630036,0,0,0,1.364503945,115.2630195,69.66826829,96.42442197,54.25067902,0,49.53409091,53.45445732,48.9487935,5,0
277,630418,0,0,0,1.075104982,115.2630195,69.66826829,96.42442197,50.53467941,0,49.53409091,49.03915543,36.76919296,13,0
278,629981,683.5765052,596.1285655,667.201572,681.0605998,653.4617021,712.0407727,706.0383,659.3108521,683.5765052,604.8110868,677.3383339,689.2445054,547,538
279,630566,65.26217356,46.36738341,54.05637146,49.24410776,115.2630195,110.9685447,76.27041814,62.76284409,65.26217356,55.04990473,55.48137843,52.2061756,51,51
280,628843,820.5070531,836.9627017,803.1698421,804.1933174,805.9344598,810.0301315,822.3755333,851.8467407,820.5070531,845.6452231,814.1663974,812.3304806,736,727
281,630498,518.6036403,596.1285655,557.4116359,575.2179022,653.4617021,545.3106049,585.46635,574.9364014,518.6036403,604.8110868,567.6442847,587.9882755,595,585
282,629565,0,0,0,-8.582820326,115.2630195,69.66826829,96.42442197,195.1110535,0,147.2051836,177.8603348,316.817845,383,0
283,630731,89.35673708,46.36738341,91.42800057,54.74842108,115.2630195,137.9993529,88.48336445,70.33274078,89.35673708,55.04990473,94.14878393,54.83679518,46,45
284,630874,742.0190387,745.7146213,837.1992184,769.6734142,653.4617021,756.2961332,840.62345,765.5023804,742.0190387,754.3971426,847.2371891,775.3639956,635,624
285,628997,886.7560041,824.4442873,871.9714095,1015.205757,805.9344598,872.427345,862.9776056,910.34021,886.7560041,833.1268087,882.7227384,1023.309484,930,919
286,630813,102.848387,62.94588962,90.7970055,105.7783392,115.2630195,141.2185078,84.49547283,113.7387543,102.848387,71.62841094,91.63454347,101.4716709,120,120
287,630776,91.15639552,84.36679892,81.49879268,76.8575952,115.2630195,134.0835741,78.46551139,73.33431244,91.15639552,93.04932025,83.80877883,75.76464426,56,54
288,630786,668.5977728,671.6250337,675.3911957,683.6938324,617.4192825,662.4676829,699.8537167,712.5513306,668.5977728,680.307555,705.8293632,706.0840931,722,711
289,630797,586.7079413,636.7492714,541.1501345,514.0115108,653.4617021,630.6882869,533.7818333,582.0974121,586.7079413,645.4317927,551.6317976,521.6937428,537,528
290,628914,740.1914853,710.1232367,727.6243386,724.4356251,653.4617021,759.6839936,732.3532667,793.5913086,740.1914853,718.805758,737.6246255,728.8142853,916,906
291,630991,587.6229742,590.8081111,625.2852597,648.7721744,617.4192825,583.2913005,667.8740041,637.2481689,587.6229742,599.4906324,635.5104243,653.4933424,639,629
292,630924,448.6898226,444.840747,422.4207719,441.233498,445.1093951,473.9793799,406.4026945,423.5013428,448.6898226,453.5232683,433.769833,464.0539364,362,351
293,630927,0,0,0,0.783114552,115.2630195,69.66826829,96.42442197,91.08631897,0,108.3251445,93.92859063,73.70922387,55,0
294,631121,613.1928231,603.93295,556.3091436,623.7349901,617.4192825,633.211269,590.8245474,631.0465088,613.1928231,612.6154713,564.4967519,629.5946169,522,513
295,631117,640.446499,629.950897,604.6089176,615.8794994,617.4192825,665.8142326,641.3463912,639.9216309,640.446499,638.6334183,612.2237069,620.8113112,534,528
296,630869,790.5768837,766.4272321,790.5191799,779.1410522,805.9344598,803.2157532,803.5434167,801.4783936,790.5768837,775.1097535,800.3745047,787.9412489,825,815
297,631001,0,0,0,1.849892482,115.2630195,69.66826829,96.42442197,118.3112488,0,108.3251445,100.8213514,73.89036642,75,0
298,629623,0,0,0,-19.00252607,115.2630195,69.66826829,96.42442197,93.54756165,0,108.3251445,106.9661314,83.86183855,58,0
299,631014,763.3648384,740.4092851,688.5073218,619.4177365,805.9344598,776.5080514,678.2834,697.7657471,763.3648384,749.0918064,699.0761758,628.0483747,607,597
300,631119,73.84784909,84.36679892,82.83625072,66.94346794,115.2630195,112.8268865,85.86857494,97.09355927,73.84784909,93.04932025,84.88727148,53.89217266,77,76
301,631165,565.0091191,590.8081111,549.078929,571.3785946,617.4192825,554.1542956,532.0798643,528.9626465,565.0091191,599.4906324,559.7484056,582.0463964,843,834
302,629228,838.8446293,803.023378,810.1145574,913.0807877,805.9344598,838.9039161,804.4420667,861.7172852,838.8446293,811.7058994,821.258063,922.1677017,798,787
303,631260,192.3139246,192.238978,231.315333,257.9215786,115.2630195,227.2813851,205.483496,241.4985352,192.3139246,200.9214993,232.5083703,258.8156408,103,102
304,631185,851.1373095,909.0428029,827.6118627,812.19207,805.9344598,848.2785896,833.0243905,822.9467163,851.1373095,917.7253242,837.6527246,814.4346042,831,823
305,631220,762.5650286,740.4092851,703.261331,725.7701855,805.9344598,768.5358299,704.8113651,770.2615967,762.5650286,749.0918064,713.618407,736.2686787,721,709
306,631275,743.822859,740.3130761,709.250092,700.8787498,805.9344598,749.2896967,722.5992167,755.3860474,743.822859,748.9955974,719.3270679,710.2382317,707,696
307,631243,0,0,0,-0.712079464,115.2630195,69.66826829,96.42442197,95.20580292,0,147.2051836,136.6470986,87.73938233,175,0
308,631249,747.8137488,805.9949223,660.758325,716.6248565,805.9344598,750.0536954,634.5916667,743.9720459,747.8137488,814.6774436,670.8611306,726.8690085,665,654
309,631254,669.7958592,648.6358497,659.8138745,644.9030752,617.4192825,666.648737,692.3148174,707.6499634,669.7958592,657.318371,670.1782579,650.3843637,657,646
310,631639,0,0,0,1.701194376,115.2630195,69.66826829,96.42442197,97.34606171,0,87.87244898,78.69752548,97.66938743,119,0
311,632633,595.3937041,624.7474348,604.15857,611.6442847,617.4192825,589.6092799,632.9869758,627.8009644,595.3937041,633.4299561,616.3977646,627.5610547,716,705
312,632626,851.3684709,827.4158316,834.0507894,999.0418739,805.9344598,843.8593969,824.9909,943.9038696,851.3684709,836.098353,844.2033873,1008.257798,848,838
313,632690,626.3054092,636.5187433,768.1467087,816.7022014,653.4617021,639.510277,803.1728667,778.0558472,626.3054092,645.2012646,778.1814385,823.9947195,657,648
314,632647,830.0523468,909.0428029,813.9904026,839.925869,805.9344598,834.6727713,823.3602024,853.2374878,830.0523468,917.7253242,824.3445008,850.0266886,1215,1204
315,632685,763.261332,755.4770924,763.9324411,737.34902,805.9344598,783.4133858,764.8242071,747.9238281,763.261332,764.1596137,794.2353484,717.392437,825,816
316,632725,605.4479349,559.1617976,607.4409002,595.677014,617.4192825,592.0297162,612.1645706,602.9068604,605.4479349,567.8443189,618.311237,606.3490253,772,762
317,630777,668.5689194,552.4606345,639.0156977,578.9517124,445.1093951,683.6368283,655.3336167,616.0469971,668.5689194,561.1431558,650.1453965,588.7868955,608,598
318,632791,0,0,0,-17.40867497,115.2630195,69.66826829,96.42442197,94.04402161,0,108.3251445,108.7341541,68.95830654,223,0
319,632852,50.2170548,62.94588962,60.1156442,57.20422922,115.2630195,94.83613182,77.23672433,57.59864426,50.2170548,71.62841094,61.58925838,60.2109562,58,57
320,632806,51.36413197,62.94588962,79.18289126,89.30602609,115.2630195,94.7381281,81.37082272,67.08787537,51.36413197,71.62841094,80.79729495,87.24541532,106,105
321,630125,390.9647992,444.840747,398.8142595,439.2839898,445.1093951,416.3541117,401.2982524,383.4905396,390.9647992,453.5232683,409.7759353,445.065698,446,434
322,632916,0,0,0,-0.126508564,115.2630195,69.66826829,96.42442197,123.5986633,0,108.3251445,118.6814734,83.66230217,181,0
323,632820,569.2999228,642.04716,519.5198333,551.3348398,617.4192825,595.9577999,549.0201552,595.3955078,569.2999228,650.7296813,528.5344444,558.5503635,676,669
324,632822,530.8338973,512.7944142,593.2541015,573.5496611,617.4192825,541.1641764,602.7775874,573.5626221,530.8338973,521.4769355,600.2618117,581.3953952,577,570
325,632811,770.8335968,785.2987485,712.6871126,735.9740353,805.9344598,784.3286105,720.7983333,770.8219604,770.8335968,793.9812699,722.7276221,745.4136734,859,850
326,631423,0,0,0,1.364503945,115.2630195,69.66826829,96.42442197,54.25067902,0,49.53409091,53.45445732,48.9487935,11,0
327,631410,593.2724234,590.8081111,587.0185753,618.6672375,617.4192825,590.9500882,593.7048079,617.5090942,593.2724234,599.4906324,597.8899354,627.890135,531,522
328,631431,101.0428739,106.7620367,90.24977092,90.356139,115.2630195,180.4216757,99.17752193,89.25297546,101.0428739,115.444558,93.91300802,86.19424182,98,96
329,631404,171.1649279,192.238978,221.8013886,231.4224675,115.2630195,209.9484786,199.7011827,173.8407898,171.1649279,200.9214993,222.9396954,230.9008498,189,189
330,631549,0,0,0,2.108544946,115.2630195,69.66826829,96.42442197,101.1441574,0,87.87244898,87.80313938,114.4339463,8,0
331,631749,813.0600167,772.0555986,717.0137533,735.7770424,805.9344598,826.2389647,702.8933,834.4384155,813.0600167,780.7381199,732.1989568,756.9587078,901,891
332,632850,599.7912498,624.7474348,553.18251,575.4021808,617.4192825,593.831254,537.1723944,601.9710693,599.7912498,633.4299561,563.861264,583.0541254,650,637
333,630180,716.1454353,791.750208,704.6108385,696.5362644,653.4617021,736.7869234,711.26815,770.5578613,716.1454353,800.4327293,715.5339764,701.5850301,729,720
334,630618,748.4593518,756.9877913,702.2292645,711.7481489,805.9344598,743.304556,693.5391333,741.2096558,748.4593518,765.6703126,712.5805028,722.5869474,781,772
335,632937,541.9880458,579.5500593,537.2855579,582.2191582,653.4617021,582.3011892,555.0916167,605.951416,541.9880458,588.2325806,547.3845246,592.2543116,536,525
336,631680,63.06497034,46.36738341,55.09778067,45.70695686,115.2630195,112.6206103,76.51460871,49.77830124,63.06497034,55.04990473,56.15005903,44.88584369,53,51
337,631860,214.1851126,192.238978,203.8899728,215.5771085,115.2630195,245.206172,183.1901167,199.9194183,214.1851126,200.9214993,204.9146901,216.4691244,308,308
338,631747,588.2037693,624.7474348,617.9672423,716.6597128,617.4192825,584.8377195,643.7659254,675.9423828,588.2037693,633.4299561,629.1020959,723.886188,518,507
339,631926,799.5997677,740.4092851,787.3476185,832.9641705,805.9344598,804.4491375,789.8222024,789.9420776,799.5997677,749.0918064,797.164176,844.4998436,742,733
340,631862,832.1246004,795.6733091,840.6831114,866.8785706,805.9344598,823.5505591,844.9607833,856.3667603,832.1246004,804.3558304,850.2934416,873.5179472,839,828
341,631869,698.8385822,618.5578108,677.6734073,632.5113115,617.4192825,699.8412554,684.6485031,724.3793945,698.8385822,627.2403322,687.7587177,643.0026894,669,660
342,631986,495.282322,486.8759427,493.0388645,560.1344461,445.1093951,528.5999441,509.0514,512.7416992,495.282322,495.558464,504.1007177,571.1026449,792,779
343,632909,808.7002791,804.4266476,792.1875417,791.4796276,805.9344598,811.5582315,786.3763845,843.7833862,808.7002791,813.109169,802.3295034,799.6379929,950,939
344,632944,746.1068877,772.0555986,716.7866085,796.7534962,805.9344598,753.2332476,717.23765,746.2032471,746.1068877,780.7381199,727.2262722,808.2359896,760,750
345,633056,46.44320185,46.36738341,38.91715294,47.57107267,115.2630195,100.1284895,73.2147659,8.395602226,46.44320185,55.04990473,39.91286071,49.73608217,27,27
346,633090,592.8011054,598.5193278,641.490404,632.125526,653.4617021,629.1305074,657.8888667,599.2711182,592.8011054,607.2018491,652.2162109,638.9486871,723,714
347,633093,426.340583,423.9300531,453.2621906,455.7911344,445.1093951,472.7772851,475.2752073,469.2703247,426.340583,432.6125744,461.4526707,463.1048508,394,387
348,632002,0,0,0,6.961484223,115.2630195,69.66826829,96.42442197,35.79124832,0,49.53409091,45.24907265,30.45975998,117,0
349,631927,659.0771629,584.6184871,635.2134158,634.7016485,617.4192825,658.7506766,643.8005599,643.0285034,659.0771629,593.3010085,646.0721769,644.3499448,661,651
350,631967,473.5764686,527.8622215,463.7904002,506.5714829,617.4192825,485.8433505,457.2840228,521.8521729,473.5764686,536.5447428,471.8321168,512.3696472,640,633
351,632022,506.0149506,574.2296049,534.3897425,584.61684,617.4192825,512.6387368,542.6846948,596.5653687,506.0149506,582.9121262,545.1246821,597.8096472,650,639
352,632020,802.3016608,832.4108169,805.9803049,844.577589,805.9344598,799.1461803,834.24025,833.2240601,802.3016608,841.0933382,816.0761876,852.0266695,910,900
353,633287,0,0,0,-5.01060006,115.2630195,69.66826829,96.42442197,134.2893524,0,108.3251445,124.652621,119.9559298,104,0
354,633392,0,0,0,8.988242328,115.2630195,69.66826829,96.42442197,119.5919113,0,108.3251445,120.9123541,161.0630104,61,0
355,633346,845.5814265,837.1040637,754.4107572,796.3684645,805.9344598,854.2322688,773.406,808.078186,845.5814265,845.786585,765.6099473,804.9064102,872,862
356,630946,744.0993047,712.9144263,700.807378,743.6143303,617.4192825,731.4610905,757.0659667,755.3132935,744.0993047,721.5969477,711.2912386,754.902483,809,802
357,632274,680.6174019,755.4770924,654.181866,628.3916664,805.9344598,702.9257443,675.4704333,667.757019,680.6174019,764.1596137,664.256679,597.0011387,463,454
358,632360,102.9857948,84.36679892,89.6422851,107.1183453,115.2630195,137.1429472,87.18364409,108.7506104,102.9857948,93.04932025,91.60127375,124.1667119,63,63
359,632242,0,0,0,8.58158166,115.2630195,69.66826829,96.42442197,95.10509491,0,108.3251445,101.3434513,93.54249627,157,0
360,632335,152.1810037,158.2996542,150.1849108,140.0355539,115.2630195,194.3899824,169.999475,173.294281,152.1810037,166.9821756,175.85974,238.7148447,175,163
361,632331,590.5166551,590.8081111,608.1795442,633.9559055,617.4192825,584.3119143,617.0227412,637.5103149,590.5166551,599.4906324,618.7698884,644.3151479,936,925
362,633025,580.0823602,624.7474348,602.6955752,645.6620481,617.4192825,575.6734028,669.524703,594.9284668,580.0823602,633.4299561,613.9432548,656.5603092,736,726
363,633155,530.4225552,596.1285655,535.8276556,553.2438023,653.4617021,558.4857101,504.5561333,516.2903442,530.4225552,604.8110868,546.3312266,562.7905362,561,549
364,631322,600.030106,590.5725235,572.0075313,561.0669396,617.4192825,609.5533061,556.0924288,606.0093994,600.030106,599.2550448,578.8092647,570.0142415,772,766
365,634485,450.8290842,435.2049467,403.7760783,433.2729144,445.1093951,499.5547947,416.4383922,493.5932312,450.8290842,443.887468,413.1629602,439.3253202,496,489
366,632340,591.7317044,590.8081111,613.4126835,605.1898537,617.4192825,591.2947138,667.6327,619.081665,591.7317044,599.4906324,623.9887611,612.7529173,744,735
367,633023,0,0,0,1.322784863,115.2630195,69.66826829,96.42442197,98.43257904,0,108.3251445,112.9216292,113.6811299,234,0
368,632383,45.663563,46.36738341,44.79010095,41.42832745,115.2630195,97.83591393,75.00571012,36.31964493,45.663563,55.04990473,46.41999477,37.65089024,33,33
369,632505,0,0,0,1.326616799,115.2630195,69.66826829,96.42442197,65.30742645,0,49.53409091,57.52556933,50.46954969,138,0
370,632492,745.5866674,789.4164161,720.5874731,691.137785,805.9344598,763.2078308,737.9784595,756.3425903,745.5866674,798.0989374,731.0571164,704.0015869,673,663
371,633136,535.9727159,579.5500593,554.2932533,598.487695,653.4617021,570.755937,570.8443833,595.515686,535.9727159,588.2325806,567.1016436,603.9537818,576,565
372,633135,766.9974603,740.3130761,788.8088839,741.557045,805.9344598,766.6586295,827.0271667,774.2466431,766.9974603,748.9955974,790.4172772,739.5670847,883,874
373,632584,0,0,0,-0.74120115,115.2630195,69.66826829,96.42442197,57.42812729,0,49.53409091,65.13916105,67.30286623,88,0
374,632466,561.9711792,605.0067488,535.5590043,591.2099485,653.4617021,610.5084259,538.5470667,587.4078979,561.9711792,613.6892701,549.8921021,600.8133402,701,691
375,632547,755.1046075,823.7631616,707.0201443,740.5115967,805.9344598,770.1493413,698.255631,769.4741211,755.1046075,832.445683,717.722722,752.8031874,700,690
376,631793,259.1495645,204.6670377,240.3087713,201.5648168,115.2630195,266.8620874,196.3079507,244.5443878,259.1495645,213.349559,244.6314049,205.8804639,221,216
377,632097,0,0,0,0.084960178,115.2630195,69.66826829,96.42442197,145.310318,0,147.2051836,142.3247761,97.6336586,152,0
378,633310,773.6482012,761.7339854,733.2813987,793.5927982,805.9344598,769.4244905,726.4007817,767.0217896,773.6482012,770.4165067,743.7303975,803.3228989,652,642
379,631526,58.64260571,46.36738341,60.086254,79.44339031,115.2630195,103.092787,77.45522412,68.59928131,58.64260571,55.04990473,70.43945929,82.20446748,83,81
380,633372,458.4210168,461.4192532,448.5107453,477.3218191,445.1093951,472.0644358,494.3296333,492.4544373,458.4210168,470.1017745,461.9384057,491.9764087,515,503
381,633545,402.7128598,420.372727,358.2030529,350.6675758,445.1093951,424.2101186,369.5682024,343.8654785,402.7128598,429.0552484,369.0679953,360.0446472,475,465
382,633624,860.7670516,857.7024853,778.7001575,779.3174877,805.9344598,876.8887162,789.8116167,810.0667114,860.7670516,866.3850067,789.0303885,790.7994394,940,931
383,633608,371.3160278,393.8336667,372.549773,357.5719638,445.1093951,426.4653467,413.2088756,377.5646973,371.3160278,402.516188,381.5030705,353.9119809,402,396
384,633724,65.34596518,62.94588962,82.73213983,68.88702226,115.2630195,103.8443661,82.8674607,58.53461838,65.34596518,71.62841094,84.33484914,71.04278469,63,63
385,633582,537.8978762,512.7944142,585.353333,608.4672506,617.4192825,546.7942713,628.8625953,587.2285156,537.8978762,521.4769355,592.0103294,615.1321528,519,513
386,633459,665.7839467,595.5686269,630.761884,649.4703102,617.4192825,666.8139194,646.9646857,643.7306519,665.7839467,604.2511482,644.620657,660.3607988,555,546
387,633419,556.4352732,590.8081111,579.6329064,594.0734472,617.4192825,557.4418732,609.4696944,593.1939087,556.4352732,599.4906324,589.6419067,619.3519239,765,756
388,633722,0,0,0,-1.387091577,115.2630195,69.66826829,96.42442197,35.45430756,0,49.53409091,45.94207822,22.09958369,125,0
389,634012,590.4817548,593.1011213,595.0618871,639.9051905,617.4192825,576.325841,583.6595921,661.1605835,590.4817548,601.7836426,605.6971731,651.420269,619,609
390,633436,670.5486358,632.3451274,689.0284247,696.1121483,653.4617021,684.6699273,722.0876667,683.5023193,670.5486358,641.0276488,706.185009,722.4206104,692,684
391,633458,553.7620477,546.7337379,550.3069045,540.0448007,617.4192825,556.3814565,563.8004677,581.2358398,553.7620477,555.4162592,556.903797,546.1908779,523,517
392,633481,501.0595414,527.8622215,518.9637847,542.6152649,617.4192825,522.38827,532.0199725,532.0857544,501.0595414,536.5447428,525.7215133,540.04474,442,435
393,633505,0,0,0,-24.49182048,115.2630195,69.66826829,96.42442197,94.84436035,0,108.3251445,94.56177058,57.12049946,132,0
394,633671,0,0,0,-4.710976772,115.2630195,69.66826829,96.42442197,125.3758926,0,108.3251445,105.7870011,100.1590794,36,0
395,633699,512.4800059,527.8622215,510.256146,558.0426191,617.4192825,532.123777,497.7622562,538.3853149,512.4800059,536.5447428,517.8780648,563.1228927,465,458
396,633767,821.8954489,742.6060863,871.001478,852.4218445,805.9344598,814.6497986,840.4327429,901.2402344,821.8954489,751.2886076,881.0456675,863.2348347,700,690
397,634267,556.7932878,598.5193278,566.9061205,553.3997293,653.4617021,592.3305961,527.0803833,542.7977905,556.7932878,607.2018491,578.0748261,564.6756902,581,569
398,632607,391.6304236,444.840747,404.2683582,403.9706256,445.1093951,404.9941344,417.3857167,411.1690063,391.6304236,453.5232683,414.6733191,415.0051153,393,384
399,633905,545.7827739,508.296852,525.4851829,560.677547,445.1093951,567.1516825,592.5458167,565.119873,545.7827739,516.9793733,537.5684932,572.8200231,639,630
400,632612,791.9634909,756.9877913,767.8648609,810.5538826,805.9344598,787.5611631,787.7617333,832.2167969,791.9634909,765.6703126,780.623999,826.5158062,1139,1128
401,633735,700.4375516,699.3633643,777.8220944,968.9709945,653.4617021,727.942704,812.4132667,878.8775635,700.4375516,708.0458856,789.2015944,977.1824374,971,960
402,633753,615.4163527,653.3277776,653.0249888,630.9344621,653.4617021,641.8468511,649.9817167,664.3800049,615.4163527,662.0102989,663.1343573,640.7173696,909,900
403,633930,178.2999754,192.238978,183.0586694,171.1636166,115.2630195,215.7960898,178.3479966,185.2357178,178.2999754,200.9214993,184.3573813,172.9117614,219,219
404,633960,649.2320631,616.2648006,578.8569998,604.749738,617.4192825,653.9808948,619.182669,609.180603,649.2320631,624.947322,589.013617,614.8901961,511,502
405,633878,562.7708197,590.8081111,611.6551273,620.1930343,617.4192825,567.1558744,672.3048706,630.2723389,562.7708197,599.4906324,622.3178168,628.0515414,692,681
406,634000,487.3283465,482.8401625,435.3636089,465.585254,445.1093951,494.3405494,440.28535,478.4203796,487.3283465,491.5226838,445.3963675,467.9612737,361,351
407,634078,61.94022545,46.36738341,61.88843149,81.61201823,115.2630195,108.594262,78.89971737,54.24067307,61.94022545,55.04990473,63.38047181,81.59523015,71,69
408,633977,743.760046,785.2025395,689.5595528,738.7892218,805.9344598,753.3371131,684.27195,605.2886963,743.760046,793.8850608,699.8203952,747.477416,671,661
409,634018,533.9986732,519.2001542,534.8471704,703.2880383,445.1093951,584.6046427,571.9506967,643.1724854,533.9986732,527.8826756,542.783818,716.7547016,586,579
410,634098,216.8218916,192.238978,248.3783579,314.5374138,115.2630195,247.367175,216.8923068,266.0275574,216.8218916,200.9214993,249.284258,315.6684784,204,204
411,634030,565.6231898,512.7944142,529.7432338,496.8765231,617.4192825,579.6385708,523.4830005,577.4317627,565.6231898,521.4769355,538.2112538,505.3025142,422,415
412,634095,813.2190225,786.4448718,777.0129676,823.6330109,805.9344598,820.9152049,764.813025,781.484436,813.2190225,795.1273931,786.6949319,831.8471661,1117,1107
413,634313,223.006682,192.238978,218.4499746,232.1120031,115.2630195,252.4359919,187.7038452,207.9462585,223.006682,200.9214993,219.9206225,223.4079396,228,228
414,634332,469.0911355,486.8759427,441.3622254,451.1193094,445.1093951,504.5594873,448.7969167,473.4433594,469.0911355,495.558464,452.4328328,458.9222965,573,562
415,634045,0,0,0,0.775835994,115.2630195,69.66826829,96.42442197,165.8482666,0,147.2051836,151.6068242,143.8939085,114,0
416,635495,163.78322,158.2996542,172.5391067,174.4680627,115.2630195,203.8987139,177.0255402,166.9653015,163.78322,166.9821756,178.2293382,173.8223026,151,150
417,634576,781.8845489,740.4092851,788.6363539,827.4301395,805.9344598,792.7814393,806.8243262,795.592041,781.8845489,749.0918064,798.9168219,841.5878344,771,760
418,634934,536.9743988,624.7474348,532.3989084,564.8169051,617.4192825,524.0630493,493.8885916,584.8922729,536.9743988,633.4299561,543.6329383,572.4642802,555,546
419,635091,609.6315062,538.2511037,543.3644839,515.4871665,617.4192825,632.6455364,552.9526933,553.2412109,609.6315062,546.9336251,552.4769648,523.4315025,626,618
420,634449,776.7451575,766.4272321,766.2847476,737.7642326,805.9344598,790.9348821,775.8537897,785.124939,776.7451575,775.1097535,776.0592525,747.2395716,798,788
421,634481,345.3020545,357.4268374,364.6632702,355.0482597,445.1093951,382.4649308,390.4154515,339.499939,345.3020545,366.1093587,372.2004173,356.9578669,352,345
422,634573,651.3687172,624.7474348,579.4955643,712.9635974,617.4192825,650.8893164,589.7695917,653.1276245,651.3687172,633.4299561,590.57368,724.2872706,459,450
423,634625,568.5358711,553.318911,573.6850603,588.6698115,617.4192825,595.4759828,583.4111782,578.1455078,568.5358711,562.0014323,580.7609729,591.7240756,699,691
424,634683,794.7778326,751.3594248,787.6300684,812.8778305,805.9344598,805.0524466,793.99225,830.5424805,794.7778326,760.0419462,799.2102438,819.6929927,797,786
425,634716,632.5351846,621.8743579,680.9858136,666.1685028,653.4617021,657.7050176,718.3259167,640.9862061,632.5351846,630.5568792,691.3928996,674.5715494,679,669
426,634898,628.9582239,646.1683441,672.5832957,715.8758015,617.4192825,614.3834683,723.9136167,675.520874,628.9582239,654.8508654,683.0531342,697.8660359,752,741
427,635397,905.2955291,858.383611,846.2704665,924.5913153,805.9344598,889.8491721,842.6484,918.3583984,905.2955291,867.0661324,856.6328189,930.082221,763,754
428,635034,359.5402672,357.4268374,352.3053792,400.1167949,445.1093951,402.2265402,360.9383116,356.9160767,359.5402672,366.1093587,360.0570828,413.6282753,287,279
429,634060,801.7336175,756.9877913,789.6294133,871.0207253,805.9344598,787.7679473,809.5126333,839.6141357,801.7336175,765.6703126,799.9705098,878.4526796,711,702
430,635010,639.9787114,699.3633643,612.5397409,655.5063553,653.4617021,669.6265987,593.7173167,634.9144287,639.9787114,708.0458856,622.6538076,664.73559,645,636
431,635153,0,0,0,5.336463884,115.2630195,69.66826829,96.42442197,44.76962662,0,49.53409091,55.45435771,52.58260341,108,0
432,635143,855.1784193,812.3480243,840.6675504,935.8290062,805.9344598,849.8449457,854.2093667,829.8629761,855.1784193,821.0305457,851.0815135,946.3194685,888,879
433,635240,776.7578986,786.3922726,744.6212111,755.6684656,805.9344598,788.8319093,748.2699643,891.0252686,776.7578986,795.0747939,756.0472363,767.7302246,829,819
434,635858,558.3924095,512.7944142,523.5107167,549.6979601,617.4192825,570.7557715,525.3639836,530.6456909,558.3924095,521.4769355,530.6900438,554.5777385,529,523
435,635899,776.0422122,774.3486088,713.2707505,712.1758289,805.9344598,785.769499,711.37655,757.3555298,776.0422122,783.0311301,723.5749798,721.542202,695,682
436,636010,56.26096784,46.36738341,58.96843888,59.91037688,115.2630195,104.9277426,77.61359786,62.24189758,56.26096784,55.04990473,60.04175486,88.86432013,57,57
437,635974,566.4215401,538.2511037,530.7252294,543.868067,617.4192825,591.5759878,565.4037119,580.1778564,566.4215401,546.9336251,537.3480228,545.1533499,628,621
438,636070,729.6295292,653.47305,784.4276621,808.0726452,805.9344598,740.155809,812.0485429,726.2432251,729.6295292,662.1555713,804.4162705,821.5308647,680,670
439,636161,0,0,0,1.843442652,115.2630195,69.66826829,96.42442197,88.83912659,0,87.87244898,74.69654238,80.72539303,16,0
440,635234,0,0,0,-1.640988715,115.2630195,69.66826829,96.42442197,142.5491028,0,147.2051836,143.4154192,74.34968816,190,0
441,636005,743.0153607,755.4770924,729.9902023,816.2701941,805.9344598,773.9992459,747.0599833,856.331665,743.0153607,764.1596137,742.1456622,821.4099765,790,780
442,636081,192.9309242,192.238978,221.6517322,259.6742352,115.2630195,227.7870544,199.7887106,227.0769806,192.9309242,200.9214993,222.6402096,260.5338747,174,174
443,635491,795.839127,803.023378,764.6396822,720.0012579,805.9344598,794.7095589,779.65895,803.1416016,795.839127,811.7058994,774.7471961,729.8604784,1091,1080
444,636073,0,0,0,1.72291407,115.2630195,69.66826829,96.42442197,174.6083221,0,147.2051836,170.8531193,87.18388972,189,0
445,635027,399.3845312,403.7942208,411.488688,408.99825,445.1093951,425.015342,396.7813667,366.8414001,399.3845312,412.4767422,422.6328403,422.481348,390,381
446,636341,549.1585791,615.9568885,549.1846195,504.7954054,653.4617021,592.7090508,585.9784833,550.2474365,549.1585791,624.6394099,558.6108881,517.3150797,601,590
447,636346,735.0191629,740.3130761,682.7154912,693.4323139,805.9344598,737.3915051,690.5362,707.5464478,735.0191629,748.9955974,692.6594969,703.6852512,677,666
448,635283,880.6553598,875.1034792,840.5716243,801.8738155,805.9344598,892.1382561,848.31385,928.9686279,880.6553598,883.7860005,851.3354641,822.5938263,864,855
449,635269,0,0,0,2.325605817,115.2630195,69.66826829,96.42442197,47.35290909,0,49.53409091,45.90181414,26.35689396,12,0
450,635372,197.6141611,192.238978,203.2262617,202.1002694,115.2630195,231.6252557,182.5839571,194.2400818,197.6141611,200.9214993,204.0846794,203.2688858,160,160
451,635340,590.1751623,647.6994111,647.2174535,702.750248,653.4617021,631.4642558,643.0488,665.2076416,590.1751623,656.3819324,658.1106096,714.247365,525,516
452,635388,201.3163162,192.238978,183.9639262,168.3917794,115.2630195,234.6594,179.3276805,189.5512695,201.3163162,200.9214993,185.2214047,169.2721972,123,123
453,635333,444.7062634,420.372727,406.8586256,453.1352844,445.1093951,461.6759005,394.9095833,465.2492981,444.7062634,429.0552484,417.8011813,427.6877117,355,345
454,636156,0,0,0,-6.529724993,115.2630195,69.66826829,96.42442197,132.2176208,0,147.2051836,126.0654215,81.74610051,83,0
455,635203,880.4316385,835.3944271,863.6289114,994.0459251,805.9344598,873.957091,851.18725,959.6015625,880.4316385,844.0769484,909.7589471,1104.068569,860,849
456,636135,781.1400767,755.4770924,787.5818303,848.3428825,805.9344598,799.6998342,779.7528976,822.8579712,781.1400767,764.1596137,798.8499577,857.4262899,824,813
457,636116,445.6148147,461.4192532,409.857642,439.7069049,445.1093951,467.3319319,422.6215333,422.789917,445.6148147,470.1017745,420.0485117,446.5893025,360,351
458,635414,179.3224754,192.238978,195.8438162,203.6402964,115.2630195,216.6340916,181.5590274,191.9841003,179.3224754,200.9214993,196.7576767,204.4999359,162,162
459,635907,216.6986109,192.238978,187.900904,190.3614904,115.2630195,247.2661388,180.8748746,225.0802155,216.6986109,200.9214993,189.4848818,190.2498508,212,210
460,635404,625.4831108,621.585255,579.1521789,603.5665233,653.4617021,653.2093067,571.7154833,597.8408203,625.4831108,630.2677763,589.4875904,612.6587427,597,586
461,636330,249.4416371,238.6063614,272.5277631,287.605377,115.2630195,262.5656734,215.0963718,314.3334045,249.4416371,247.2888827,276.2921269,296.8120468,255,252
462,635532,0,0,0,4.638337523,115.2630195,69.66826829,96.42442197,102.1692352,0,108.3251445,104.0838196,102.6712355,96,0
463,635644,0,0,0,-5.540325314,115.2630195,69.66826829,96.42442197,97.46149445,0,108.3251445,96.55885989,78.89563355,104,0
464,635536,463.6896977,445.8294166,440.0947823,566.0709391,445.1093951,509.6872207,463.3772667,535.9927979,463.6896977,454.5119379,450.9889348,579.6211262,465,454
465,635540,460.6951519,461.4192532,403.3269374,364.216134,445.1093951,483.3409557,407.9330333,420.4651489,460.6951519,470.1017745,413.5785355,375.3534859,457,447
466,635535,591.5229409,636.7492714,580.6552255,578.1049919,653.4617021,640.7767056,610.7038333,590.2996216,591.5229409,645.4317927,590.5667368,586.9070358,519,508
467,636008,717.4858437,673.3467361,627.1526047,672.1256946,617.4192825,705.3807406,652.8712294,561.3734741,717.4858437,682.0292575,639.3236316,679.9696006,702,693
468,636506,0,0,0,-0.858854014,115.2630195,69.66826829,96.42442197,73.83298492,0,108.3251445,104.4706756,107.4379142,62,0
469,636390,854.3323648,824.4442873,792.1370219,817.1799822,805.9344598,848.5990913,782.9962667,821.180603,854.3323648,833.1268087,801.408635,824.5386634,912,901
470,636480,876.3320864,835.3944271,846.8795112,798.691782,805.9344598,874.9920134,859.8612595,870.9002686,876.3320864,844.0769484,857.6988672,838.7005253,751,740
471,636240,242.9634305,204.6670377,208.0631688,207.1532459,115.2630195,261.048435,181.9640895,229.4956818,242.9634305,213.349559,213.447299,216.8130541,288,285
472,635669,0,0,0,0.013912827,115.2630195,69.66826829,96.42442197,131.5230865,0,108.3251445,108.5711964,86.56447282,198,0
473,635667,786.9041287,708.6667626,812.4809011,786.4835167,805.9344598,787.4150412,885.5912037,804.4516602,786.9041287,717.3492839,871.4653962,847.7320442,768,759
474,635628,62.38885743,62.94588962,61.77168906,67.25012171,115.2630195,105.5532538,77.30756955,71.95301056,62.38885743,71.62841094,64.53783983,68.36689758,22,21
475,636243,826.4012539,836.9627017,846.9138486,853.7330024,805.9344598,821.8044933,843.2142167,906.2176514,826.4012539,845.6452231,857.3759788,870.583184,743,730
476,636280,46.29680532,62.94588962,55.00075363,58.78497062,115.2630195,90.33815956,76.84891949,36.80228806,46.29680532,71.62841094,56.94111524,36.58618102,35,33
477,636282,0,0,0,-1.574084073,115.2630195,69.66826829,96.42442197,97.13578796,0,108.3251445,97.22782789,81.03568766,80,0
478,636355,630.0957389,559.1617976,573.1602706,556.0948276,617.4192825,617.1887173,564.5044238,610.1160278,630.0957389,567.8443189,583.843211,564.5489177,480,469
479,636273,48.81205504,46.36738341,69.48485036,42.55885132,115.2630195,95.34668837,79.21590991,35.32520294,48.81205504,55.04990473,76.06511411,43.91251476,67,66
480,636465,664.5027584,642.6667407,614.7114832,626.4259253,653.4617021,689.0905777,632.6795333,576.8449707,664.5027584,651.349262,625.3569332,634.6301451,567,558
481,636311,517.190931,527.8622215,448.5893672,442.3786769,617.4192825,536.9415492,437.0565471,540.4071045,517.190931,536.5447428,457.1734851,453.1618066,392,386
482,636464,618.0862101,653.6168804,595.1672924,647.0773954,653.4617021,641.45677,600.0238333,546.5501099,618.0862101,662.2994017,605.3014813,656.7550917,760,748
483,635775,0,0,0,4.638337523,115.2630195,69.66826829,96.42442197,102.1692352,0,108.3251445,104.0838196,102.6712355,60,0
484,635786,0,0,0,1.450833648,115.2630195,69.66826829,96.42442197,149.7803497,0,147.2051836,135.0601825,104.8789113,94,0
485,635813,0,0,0,-1.406485388,115.2630195,69.66826829,96.42442197,59.84857559,0,49.53409091,62.3564367,61.56533544,15,0
486,635863,0,0,0,-3.706476524,115.2630195,69.66826829,96.42442197,56.923172,0,49.53409091,51.25747623,37.54519431,31,0
487,635844,555.4098627,579.5500593,551.3398983,560.4781525,653.4617021,582.3043961,540.2671833,554.2364502,555.4098627,588.2325806,561.6351504,596.0048058,479,468
488,636656,499.9825593,527.8622215,512.5959503,559.1041906,617.4192825,513.8038159,530.3212909,522.3480225,499.9825593,536.5447428,519.9907811,563.4398797,438,432
